<x:xmpmeta tsc:version="2.0.1" xmlns:x="adobe:ns:meta/" xmlns:tsc="http://www.techsmith.com/xmp/tsc/">
   <rdf:RDF xmlns:rdf="http://www.w3.org/1999/02/22-rdf-syntax-ns#" xmlns:xmp="http://ns.adobe.com/xap/1.0/" xmlns:xmpDM="http://ns.adobe.com/xmp/1.0/DynamicMedia/" xmlns:xmpG="http://ns.adobe.com/xap/1.0/g/" xmlns:xmpMM="http://ns.adobe.com/xap/1.0/mm/" xmlns:tscDM="http://www.techsmith.com/xmp/tscDM/" xmlns:tscIQ="http://www.techsmith.com/xmp/tscIQ/" xmlns:tscHS="http://www.techsmith.com/xmp/tscHS/" xmlns:stDim="http://ns.adobe.com/xap/1.0/sType/Dimensions#" xmlns:stFnt="http://ns.adobe.com/xap/1.0/sType/Font#" xmlns:exif="http://ns.adobe.com/exif/1.0" xmlns:dc="http://purl.org/dc/elements/1.1/">
      <rdf:Description dc:date="2025-01-12 06:30:22 PM" dc:source="Camtasia,9.0.4,enu" dc:title="module31_2" tscDM:firstFrame="module31_2_First_Frame.png" tscDM:originId="67823403-5526-4B23-8647-20BF45EAEF59" tscDM:project="module31_2">
         <xmpDM:duration xmpDM:scale="1/1000" xmpDM:value="203000"/>
         <xmpDM:videoFrameSize stDim:unit="pixel" stDim:h="904" stDim:w="1418"/>
         <tsc:langName>
            <rdf:Bag>
               <rdf:li xml:lang="en-US">English</rdf:li></rdf:Bag>
         </tsc:langName>
         <xmpDM:Tracks>
            <rdf:Bag>
               <rdf:li>
                  <rdf:Description xmpDM:trackType="Caption" xmpDM:frameRate="f1000" xmpDM:trackName="Captioning" stFnt:fontFamily="Arial" tscDM:fontSize="30" tscDM:bgOpacity="0.750000" tscDM:position="overlay">
                     <xmpDM:markers>
                        <rdf:Seq>
                           <rdf:li><rdf:Description xmpDM:duration="3567" xmpDM:startTime="3933" tscDM:valign="bottom" tscDM:halign="center"><xmpDM:name><rdf:Alt><rdf:li xml:lang="en-US">{\rtf1 Càng tiếp cận phụ huynh bằng sự chân thành và thiện chí,}</rdf:li></rdf:Alt></xmpDM:name></rdf:Description></rdf:li><rdf:li><rdf:Description xmpDM:duration="3100" xmpDM:startTime="7500" tscDM:valign="bottom" tscDM:halign="center"><xmpDM:name><rdf:Alt><rdf:li xml:lang="en-US">{\rtf1 họ càng có xu hướng tăng mức độ tham gia và}</rdf:li></rdf:Alt></xmpDM:name></rdf:Description></rdf:li><rdf:li><rdf:Description xmpDM:duration="4500" xmpDM:startTime="10600" tscDM:valign="bottom" tscDM:halign="center"><xmpDM:name><rdf:Alt><rdf:li xml:lang="en-US">{\rtf1 nhận thấy trường học của con em mình là một nơi chào đón và hỗ trợ.}</rdf:li></rdf:Alt></xmpDM:name></rdf:Description></rdf:li><rdf:li><rdf:Description xmpDM:duration="4733" xmpDM:startTime="15100" tscDM:valign="bottom" tscDM:halign="center"><xmpDM:name><rdf:Alt><rdf:li xml:lang="en-US">{\rtf1 Sự tham gia của phụ huynh tăng lên mang lại những lợi ích rõ ràng cho học sinh.}</rdf:li></rdf:Alt></xmpDM:name></rdf:Description></rdf:li><rdf:li><rdf:Description xmpDM:duration="4200" xmpDM:startTime="19833" tscDM:valign="bottom" tscDM:halign="center"><xmpDM:name><rdf:Alt><rdf:li xml:lang="en-US">{\rtf1 Trong một nghiên cứu dọc được thực hiện bởi Bộ Giáo dục Hoa Kỳ,}</rdf:li></rdf:Alt></xmpDM:name></rdf:Description></rdf:li><rdf:li><rdf:Description xmpDM:duration="1633" xmpDM:startTime="24033" tscDM:valign="bottom" tscDM:halign="center"><xmpDM:name><rdf:Alt><rdf:li xml:lang="en-US">{\rtf1 các nhà nghiên cứu đã phát hiện rằng ở các trường nơi}</rdf:li></rdf:Alt></xmpDM:name></rdf:Description></rdf:li><rdf:li><rdf:Description xmpDM:duration="3200" xmpDM:startTime="25667" tscDM:valign="bottom" tscDM:halign="center"><xmpDM:name><rdf:Alt><rdf:li xml:lang="en-US">{\rtf1 giáo viên báo cáo mức độ tiếp cận phụ huynh cao,}</rdf:li></rdf:Alt></xmpDM:name></rdf:Description></rdf:li><rdf:li><rdf:Description xmpDM:duration="3033" xmpDM:startTime="28867" tscDM:valign="bottom" tscDM:halign="center"><xmpDM:name><rdf:Alt><rdf:li xml:lang="en-US">{\rtf1 điểm kiểm tra tăng với tốc độ cao hơn 40%}</rdf:li></rdf:Alt></xmpDM:name></rdf:Description></rdf:li><rdf:li><rdf:Description xmpDM:duration="4200" xmpDM:startTime="31900" tscDM:valign="bottom" tscDM:halign="center"><xmpDM:name><rdf:Alt><rdf:li xml:lang="en-US">{\rtf1 so với các trường nơi giáo viên báo cáo mức độ tiếp cận thấp.}</rdf:li></rdf:Alt></xmpDM:name></rdf:Description></rdf:li><rdf:li><rdf:Description xmpDM:duration="3900" xmpDM:startTime="36100" tscDM:valign="bottom" tscDM:halign="center"><xmpDM:name><rdf:Alt><rdf:li xml:lang="en-US">{\rtf1 Tiếp cận nên bắt đầu bằng việc tìm hiểu về sở thích giao tiếp của phụ huynh,}</rdf:li></rdf:Alt></xmpDM:name></rdf:Description></rdf:li><rdf:li><rdf:Description xmpDM:duration="5033" xmpDM:startTime="40000" tscDM:valign="bottom" tscDM:halign="center"><xmpDM:name><rdf:Alt><rdf:li xml:lang="en-US">{\rtf1 kỳ vọng của họ đối với bạn với tư cách là giáo viên và cách họ muốn tham gia.}</rdf:li></rdf:Alt></xmpDM:name></rdf:Description></rdf:li><rdf:li><rdf:Description xmpDM:duration="3900" xmpDM:startTime="45033" tscDM:valign="bottom" tscDM:halign="center"><xmpDM:name><rdf:Alt><rdf:li xml:lang="en-US">{\rtf1 Có một số phương pháp bạn có thể sử dụng để tìm hiểu những sở thích này:}</rdf:li></rdf:Alt></xmpDM:name></rdf:Description></rdf:li><rdf:li><rdf:Description xmpDM:duration="3733" xmpDM:startTime="48933" tscDM:valign="bottom" tscDM:halign="center"><xmpDM:name><rdf:Alt><rdf:li xml:lang="en-US">{\rtf1 bảng khảo sát đầu năm học, gặp gỡ giáo viên tại trường,}</rdf:li></rdf:Alt></xmpDM:name></rdf:Description></rdf:li><rdf:li><rdf:Description xmpDM:duration="3233" xmpDM:startTime="52667" tscDM:valign="bottom" tscDM:halign="center"><xmpDM:name><rdf:Alt><rdf:li xml:lang="en-US">{\rtf1 hoặc các cuộc gọi và email giới thiệu.}</rdf:li></rdf:Alt></xmpDM:name></rdf:Description></rdf:li><rdf:li><rdf:Description xmpDM:duration="3967" xmpDM:startTime="55900" tscDM:valign="bottom" tscDM:halign="center"><xmpDM:name><rdf:Alt><rdf:li xml:lang="en-US">{\rtf1 Dưới đây là một số chiến lược bổ sung để tiếp cận. Hãy dành chút thời gian để đọc \par chúng.}</rdf:li></rdf:Alt></xmpDM:name></rdf:Description></rdf:li><rdf:li><rdf:Description xmpDM:duration="5067" xmpDM:startTime="71067" tscDM:valign="bottom" tscDM:halign="center"><xmpDM:name><rdf:Alt><rdf:li xml:lang="en-US">{\rtf1 Cần lưu ý rằng liên lạc thường xuyên với phụ huynh không phải lúc nào cũng mang \par lại lợi ích.}</rdf:li></rdf:Alt></xmpDM:name></rdf:Description></rdf:li><rdf:li><rdf:Description xmpDM:duration="3200" xmpDM:startTime="76133" tscDM:valign="bottom" tscDM:halign="center"><xmpDM:name><rdf:Alt><rdf:li xml:lang="en-US">{\rtf1 Nghiên cứu đã phát hiện rằng việc giao tiếp với phụ huynh chỉ để thảo luận về}</rdf:li></rdf:Alt></xmpDM:name></rdf:Description></rdf:li><rdf:li><rdf:Description xmpDM:duration="4167" xmpDM:startTime="79333" tscDM:valign="bottom" tscDM:halign="center"><xmpDM:name><rdf:Alt><rdf:li xml:lang="en-US">{\rtf1 các vấn đề hoặc hành vi thực sự có tác động tiêu cực đến điểm số,}</rdf:li></rdf:Alt></xmpDM:name></rdf:Description></rdf:li><rdf:li><rdf:Description xmpDM:duration="3100" xmpDM:startTime="83500" tscDM:valign="bottom" tscDM:halign="center"><xmpDM:name><rdf:Alt><rdf:li xml:lang="en-US">{\rtf1 hành vi và tỷ lệ tốt nghiệp.}</rdf:li></rdf:Alt></xmpDM:name></rdf:Description></rdf:li><rdf:li><rdf:Description xmpDM:duration="3300" xmpDM:startTime="86600" tscDM:valign="bottom" tscDM:halign="center"><xmpDM:name><rdf:Alt><rdf:li xml:lang="en-US">{\rtf1 Vì lý do này, điều quan trọng là phải cân bằng thông tin liên lạc về.}</rdf:li></rdf:Alt></xmpDM:name></rdf:Description></rdf:li><rdf:li><rdf:Description xmpDM:duration="4067" xmpDM:startTime="120233" tscDM:valign="bottom" tscDM:halign="center"><xmpDM:name><rdf:Alt><rdf:li xml:lang="en-US">{\rtf1 để phụ huynh biết rằng bạn nhìn thấy những điểm tích cực ở con họ,}</rdf:li></rdf:Alt></xmpDM:name></rdf:Description></rdf:li><rdf:li><rdf:Description xmpDM:duration="3033" xmpDM:startTime="124300" tscDM:valign="bottom" tscDM:halign="center"><xmpDM:name><rdf:Alt><rdf:li xml:lang="en-US">{\rtf1 nhưng tôi đã học được từ những trải nghiệm khó khăn rằng khi bạn chờ đợi để \par nhấc}</rdf:li></rdf:Alt></xmpDM:name></rdf:Description></rdf:li><rdf:li><rdf:Description xmpDM:duration="3533" xmpDM:startTime="127333" tscDM:valign="bottom" tscDM:halign="center"><xmpDM:name><rdf:Alt><rdf:li xml:lang="en-US">{\rtf1 điện thoại lên để nói chuyện với họ hoặc khi bạn đợi để gặp họ ở}</rdf:li></rdf:Alt></xmpDM:name></rdf:Description></rdf:li><rdf:li><rdf:Description xmpDM:duration="5633" xmpDM:startTime="130867" tscDM:valign="bottom" tscDM:halign="center"><xmpDM:name><rdf:Alt><rdf:li xml:lang="en-US">{\rtf1 bãi đậu xe và đó là cuộc trò chuyện nghiêm túc đầu tiên của bạn với phụ huynh,}</rdf:li></rdf:Alt></xmpDM:name></rdf:Description></rdf:li><rdf:li><rdf:Description xmpDM:duration="3033" xmpDM:startTime="136500" tscDM:valign="bottom" tscDM:halign="center"><xmpDM:name><rdf:Alt><rdf:li xml:lang="en-US">{\rtf1 thì nó không được đón nhận tốt bởi vì khi đó họ cảm thấy như bạn chỉ đang tìm}</rdf:li></rdf:Alt></xmpDM:name></rdf:Description></rdf:li><rdf:li><rdf:Description xmpDM:duration="4267" xmpDM:startTime="139533" tscDM:valign="bottom" tscDM:halign="center"><xmpDM:name><rdf:Alt><rdf:li xml:lang="en-US">{\rtf1 kiếm những điều tiêu cực ở con họ, người mà họ thực sự quan tâm}</rdf:li></rdf:Alt></xmpDM:name></rdf:Description></rdf:li><rdf:li><rdf:Description xmpDM:duration="6100" xmpDM:startTime="143800" tscDM:valign="bottom" tscDM:halign="center"><xmpDM:name><rdf:Alt><rdf:li xml:lang="en-US">{\rtf1 và...}</rdf:li></rdf:Alt></xmpDM:name></rdf:Description></rdf:li><rdf:li><rdf:Description xmpDM:duration="1133" xmpDM:startTime="150100" tscDM:valign="bottom" tscDM:halign="center"><xmpDM:name><rdf:Alt><rdf:li xml:lang="en-US">{\rtf1 khi tiếp cận phụ huynh,}</rdf:li></rdf:Alt></xmpDM:name></rdf:Description></rdf:li><rdf:li><rdf:Description xmpDM:duration="4900" xmpDM:startTime="151233" tscDM:valign="bottom" tscDM:halign="center"><xmpDM:name><rdf:Alt><rdf:li xml:lang="en-US">{\rtf1 cũng quan trọng để giao tiếp bằng ngôn ngữ mà họ cảm thấy thoải mái nhất.}</rdf:li></rdf:Alt></xmpDM:name></rdf:Description></rdf:li><rdf:li><rdf:Description xmpDM:duration="3933" xmpDM:startTime="156133" tscDM:valign="bottom" tscDM:halign="center"><xmpDM:name><rdf:Alt><rdf:li xml:lang="en-US">{\rtf1 Trong đoạn video này, bạn sẽ nghe một phụ huynh mô tả một sự thích nghi ngôn \par ngữ quan trọng}</rdf:li></rdf:Alt></xmpDM:name></rdf:Description></rdf:li><rdf:li><rdf:Description xmpDM:duration="3367" xmpDM:startTime="160067" tscDM:valign="bottom" tscDM:halign="center"><xmpDM:name><rdf:Alt><rdf:li xml:lang="en-US">{\rtf1 nên được cung cấp cho phụ huynh khi họ giao tiếp với trường học và}</rdf:li></rdf:Alt></xmpDM:name></rdf:Description></rdf:li><rdf:li><rdf:Description xmpDM:duration="10833" xmpDM:startTime="163433" tscDM:valign="bottom" tscDM:halign="center"><xmpDM:name><rdf:Alt><rdf:li xml:lang="en-US">{\rtf1 giáo viên.}</rdf:li></rdf:Alt></xmpDM:name></rdf:Description></rdf:li><rdf:li><rdf:Description xmpDM:duration="3633" xmpDM:startTime="174267" tscDM:valign="bottom" tscDM:halign="center"><xmpDM:name><rdf:Alt><rdf:li xml:lang="en-US">{\rtf1 Bueno, ngày nay hầu hết các trường đều có thông dịch viên,}</rdf:li></rdf:Alt></xmpDM:name></rdf:Description></rdf:li><rdf:li><rdf:Description xmpDM:duration="1967" xmpDM:startTime="177900" tscDM:valign="bottom" tscDM:halign="center"><xmpDM:name><rdf:Alt><rdf:li xml:lang="en-US">{\rtf1 có những người song ngữ và trong trường hợp}</rdf:li></rdf:Alt></xmpDM:name></rdf:Description></rdf:li><rdf:li><rdf:Description xmpDM:duration="3267" xmpDM:startTime="180200" tscDM:valign="bottom" tscDM:halign="center"><xmpDM:name><rdf:Alt><rdf:li xml:lang="en-US">{\rtf1 tôi từng phải nhờ chính con tôi dịch cho tôi,}</rdf:li></rdf:Alt></xmpDM:name></rdf:Description></rdf:li><rdf:li><rdf:Description xmpDM:duration="3833" xmpDM:startTime="183467" tscDM:valign="bottom" tscDM:halign="center"><xmpDM:name><rdf:Alt><rdf:li xml:lang="en-US">{\rtf1 nhưng với tôi, điều quan trọng hơn là có người khác dịch cho tôi,}</rdf:li></rdf:Alt></xmpDM:name></rdf:Description></rdf:li><rdf:li><rdf:Description xmpDM:duration="4133" xmpDM:startTime="187300" tscDM:valign="bottom" tscDM:halign="center"><xmpDM:name><rdf:Alt><rdf:li xml:lang="en-US">{\rtf1 không phải con tôi, bởi vì con tôi sẽ nói những gì nó muốn, những gì có lợi cho nó,}</rdf:li></rdf:Alt></xmpDM:name></rdf:Description></rdf:li><rdf:li><rdf:Description xmpDM:duration="2800" xmpDM:startTime="191433" tscDM:valign="bottom" tscDM:halign="center"><xmpDM:name><rdf:Alt><rdf:li xml:lang="en-US">{\rtf1 nhưng một người khác sẽ nói rõ mọi thứ với tôi,}</rdf:li></rdf:Alt></xmpDM:name></rdf:Description></rdf:li><rdf:li><rdf:Description xmpDM:duration="3033" xmpDM:startTime="194233" tscDM:valign="bottom" tscDM:halign="center"><xmpDM:name><rdf:Alt><rdf:li xml:lang="en-US">{\rtf1 sẽ giải thích mọi thứ rõ ràng hơn,}</rdf:li></rdf:Alt></xmpDM:name></rdf:Description></rdf:li><rdf:li><rdf:Description xmpDM:duration="2033" xmpDM:startTime="197267" tscDM:valign="bottom" tscDM:halign="center"><xmpDM:name><rdf:Alt><rdf:li xml:lang="en-US">{\rtf1 và với tôi điều quan trọng hơn là phải có}</rdf:li></rdf:Alt></xmpDM:name></rdf:Description></rdf:li><rdf:li><rdf:Description xmpDM:duration="3400" xmpDM:startTime="199300" tscDM:valign="bottom" tscDM:halign="center"><xmpDM:name><rdf:Alt><rdf:li xml:lang="en-US">{\rtf1 một thông dịch viên.\par }</rdf:li></rdf:Alt></xmpDM:name></rdf:Description></rdf:li></rdf:Seq>
                     </xmpDM:markers>
                     <tsc:fgColor xmpG:red="255" xmpG:green="255" xmpG:blue="255"/><tsc:bgColor xmpG:red="0" xmpG:green="0" xmpG:blue="0"/></rdf:Description>
               </rdf:li>
            </rdf:Bag>
         </xmpDM:Tracks>
         <tscDM:controller>
            <rdf:Description xmpDM:name="tscplayer">
               <tscDM:parameters>
                  <rdf:Bag>
                     <rdf:li xmpDM:name="autohide" xmpDM:value="true"/><rdf:li xmpDM:name="autoplay" xmpDM:value="false"/><rdf:li xmpDM:name="loop" xmpDM:value="false"/><rdf:li xmpDM:name="searchable" xmpDM:value="true"/><rdf:li xmpDM:name="captionsenabled" xmpDM:value="false"/><rdf:li xmpDM:name="sidebarenabled" xmpDM:value="false"/><rdf:li xmpDM:name="unicodeenabled" xmpDM:value="false"/><rdf:li xmpDM:name="backgroundcolor" xmpDM:value="000000"/><rdf:li xmpDM:name="sidebarlocation" xmpDM:value="left"/><rdf:li xmpDM:name="endaction" xmpDM:value="stop"/><rdf:li xmpDM:name="endactionparam" xmpDM:value="true"/><rdf:li xmpDM:name="locale" xmpDM:value="en-US"/></rdf:Bag>
               </tscDM:parameters>
               <tscDM:controllerText>
                  <rdf:Bag>
                  </rdf:Bag>
               </tscDM:controllerText>
            </rdf:Description>
         </tscDM:controller>
         <tscDM:contentList>
            <rdf:Description>
               <tscDM:files>
                  <rdf:Seq>
                     <rdf:li xmpDM:name="0" xmpDM:value="module31_2.mp4"/><rdf:li xmpDM:name="1" xmpDM:value="module31_2.zip"/><rdf:li xmpDM:name="2" xmpDM:value="module31_2_First_Frame.png"/></rdf:Seq>
               </tscDM:files>
            </rdf:Description>
         </tscDM:contentList>
      </rdf:Description>
   </rdf:RDF>
</x:xmpmeta>